,Data,Nível Caí (cm),Nível Jacuí (cm),Nível Sinos (cm),Nível Gravataí (cm),Nível Guaíba (cm),HORÁRIO (mm),HORARIA (°C),UMIDADE RELATIVA DO AR,VENTO
0,2017-11-14 12:00:00,79.0,156.0,282.0,247.0,114.0,1010.0,8.0,6.0,8.0
1,2017-11-14 13:00:00,77.0,156.0,280.0,246.0,114.0,1010.0,5.0,17.0,13.0
2,2017-11-14 14:00:00,76.0,156.0,279.0,246.0,114.0,1010.0,5.0,16.0,14.0
3,2017-11-14 15:00:00,76.0,156.0,277.0,246.0,114.0,1009.0,2.0,6.0,9.0
4,2017-11-14 16:00:00,76.0,157.0,274.0,245.0,114.0,1008.0,4.0,3.0,7.0
5,2017-11-14 17:00:00,78.0,158.0,272.0,245.0,114.0,1007.0,6.0,3.0,50.0
6,2017-11-14 18:00:00,79.0,160.0,269.0,244.0,114.0,1006.0,1.0,6.0,8.0
7,2017-11-14 19:00:00,80.0,161.0,267.0,244.0,114.0,1006.0,6.0,8.0,4.0
8,2017-11-14 20:00:00,80.0,160.0,265.0,244.0,114.0,1006.0,27.0,18.0,6.0
9,2017-11-14 21:00:00,80.0,159.0,263.0,243.0,113.0,1006.0,7.0,4.0,8.0
10,2017-11-14 22:00:00,81.0,157.0,261.0,243.0,113.0,1006.0,1.0,6.0,7.0
11,2017-11-14 23:00:00,81.0,156.0,260.0,243.0,112.82051282051282,1006.0,21.0,17.0,17.0
12,2017-11-15 00:00:00,81.0,153.0,258.0,243.0,112.64102564102564,1006.0,20.0,17.0,17.0
13,2017-11-15 01:00:00,81.0,151.0,257.0,242.0,112.46153846153847,1006.0,20.0,17.0,17.0
14,2017-11-15 02:00:00,81.0,149.0,255.0,242.0,112.28205128205128,1006.0,20.0,17.0,85.0
15,2017-11-15 03:00:00,82.0,146.0,253.0,242.0,112.1025641025641,1005.0,19.0,17.0,17.0
16,2017-11-15 04:00:00,82.0,144.0,252.0,242.0,111.92307692307692,1005.0,17.0,88.0,86.0
17,2017-11-15 05:00:00,82.0,142.0,250.0,242.0,111.74358974358974,1004.0,3.0,9.0,4.0
18,2017-11-15 06:00:00,82.0,139.0,249.0,242.0,111.56410256410257,1004.0,19.0,16.0,15.0
19,2017-11-15 07:00:00,82.0,136.0,248.0,242.0,111.38461538461539,1004.0,15.0,15.0,80.0
20,2017-11-15 08:00:00,82.0,133.0,246.0,242.0,111.2051282051282,1004.0,15.0,15.0,83.0
21,2017-11-15 09:00:00,81.0,131.0,245.0,242.0,111.02564102564102,1004.0,18.0,1.0,6.0
22,2017-11-15 10:00:00,80.0,129.0,244.0,242.0,110.84615384615384,1004.0,5.0,4.0,9.0
23,2017-11-15 11:00:00,79.0,127.0,243.0,242.0,110.66666666666667,1004.0,5.0,5.0,2.0
24,2017-11-15 12:00:00,76.0,124.0,241.0,242.0,110.48717948717949,1004.0,3.0,3.0,8.0
25,2017-11-15 13:00:00,80.0,123.0,240.0,241.0,110.3076923076923,1003.0,29.0,12.0,10.0
26,2017-11-15 14:00:00,80.0,122.0,238.0,241.0,110.12820512820512,1002.0,5.0,8.0,11.0
27,2017-11-15 15:00:00,82.0,122.0,236.0,240.0,109.94871794871796,1001.0,5.0,3.0,11.0
28,2017-11-15 16:00:00,82.0,124.0,234.0,240.0,109.76923076923077,1000.0,6.0,7.0,12.0
29,2017-11-15 17:00:00,84.0,128.0,232.0,240.0,109.58974358974359,1000.0,12.0,12.0,25.0
30,2017-11-15 18:00:00,79.0,133.0,230.0,240.0,109.41025641025641,998.0,35.0,13.0,12.0
31,2017-11-15 19:00:00,80.0,137.0,228.0,239.0,109.23076923076923,998.0,9.0,14.0,12.0
32,2017-11-15 20:00:00,80.0,141.0,226.0,239.0,109.05128205128204,997.0,4.0,7.0,12.0
33,2017-11-15 21:00:00,80.0,145.0,224.0,238.0,108.87179487179488,997.0,7.0,14.0,12.0
34,2017-11-15 22:00:00,81.0,149.0,223.0,238.0,108.6923076923077,997.0,31.0,14.0,1.0
35,2017-11-15 23:00:00,81.0,149.0,222.0,238.0,108.51282051282051,997.0,28.0,19.0,13.0
36,2017-11-16 00:00:00,81.0,147.0,220.0,237.0,108.33333333333333,997.0,27.0,2.0,7.0
37,2017-11-16 01:00:00,81.0,145.0,219.0,237.0,108.15384615384616,998.0,2.0,17.0,64.0
38,2017-11-16 02:00:00,81.0,141.0,219.0,237.0,107.97435897435898,998.0,3.0,18.0,68.0
39,2017-11-16 03:00:00,82.0,137.0,218.0,237.0,107.7948717948718,998.0,7.0,72.0,66.0
40,2017-11-16 04:00:00,82.0,133.0,217.0,236.0,107.61538461538461,999.0,15.0,66.0,58.0
41,2017-11-16 05:00:00,82.0,131.0,216.0,236.0,107.43589743589743,999.0,14.0,14.0,63.0
42,2017-11-16 06:00:00,82.0,130.0,215.0,236.0,107.25641025641026,999.0,2.0,7.0,6.0
43,2017-11-16 07:00:00,82.0,130.0,214.0,236.0,107.07692307692308,998.0,23.0,15.0,13.0
44,2017-11-16 08:00:00,81.0,137.0,213.0,236.0,106.8974358974359,1001.0,23.0,3.0,75.0
45,2017-11-16 09:00:00,80.0,136.0,212.0,236.0,106.71794871794872,1002.0,3.0,19.0,3.0
46,2017-11-16 10:00:00,78.0,144.0,211.0,236.0,106.53846153846153,1002.0,3.0,7.0,9.0
47,2017-11-16 11:00:00,78.0,147.0,209.0,236.0,106.35897435897436,1003.0,6.0,19.0,17.0
48,2017-11-16 12:00:00,76.0,150.0,208.0,236.0,106.17948717948718,1004.0,3.0,6.0,4.0
49,2017-11-16 13:00:00,81.0,157.0,203.0,236.0,106.0,1005.0,26.0,19.0,14.0
50,2017-11-16 14:00:00,71.0,165.0,202.0,235.0,105.82051282051282,1004.0,7.0,6.0,9.0
51,2017-11-16 15:00:00,78.0,169.0,200.0,235.0,105.64102564102564,1004.0,26.0,17.0,16.0
52,2017-11-16 16:00:00,79.0,172.0,198.0,234.0,105.46153846153847,1004.0,2.0,18.0,16.0
53,2017-11-16 17:00:00,81.0,177.0,197.0,234.0,105.28205128205128,1003.0,9.0,5.0,16.0
54,2017-11-16 18:00:00,81.0,181.0,201.0,234.0,105.1025641025641,1003.0,21.0,16.0,15.0
55,2017-11-16 19:00:00,81.0,180.0,204.0,235.0,104.92307692307692,1005.0,4.0,3.0,7.0
56,2017-11-16 20:00:00,81.0,176.0,205.0,235.0,104.74358974358974,6.0,101.0,2.0,2.0
57,2017-11-16 21:00:00,81.0,173.54545454545453,205.0,235.0,104.56410256410257,4.0,74.0,17.0,17.0
58,2017-11-16 22:00:00,80.0,171.0909090909091,205.0,236.0,104.38461538461539,2.0,27.0,3.0,5.0
59,2017-11-16 23:00:00,81.0,168.63636363636363,205.0,236.0,104.2051282051282,4.0,0.0,17.0,7.0
60,2017-11-17 00:00:00,81.0,166.1818181818182,206.0,236.0,104.02564102564102,8.0,17.0,16.0,99.0
61,2017-11-17 01:00:00,81.0,163.72727272727272,207.0,236.0,103.84615384615384,4.0,0.0,2.0,2.0
62,2017-11-17 02:00:00,81.0,161.27272727272728,209.0,236.0,103.66666666666667,2.0,0.0,17.0,16.0
63,2017-11-17 03:00:00,81.0,158.8181818181818,210.0,236.0,103.48717948717949,1006.0,4.0,2.0,8.0
64,2017-11-17 04:00:00,81.0,156.36363636363637,212.0,236.0,103.3076923076923,1005.0,16.0,16.0,16.0
65,2017-11-17 05:00:00,81.0,153.9090909090909,214.0,236.0,103.12820512820512,1005.0,16.0,16.0,97.0
66,2017-11-17 06:00:00,82.0,151.45454545454544,216.0,236.0,102.94871794871796,1004.0,16.0,16.0,16.0
67,2017-11-17 07:00:00,89.0,149.0,217.0,236.0,102.76923076923077,1004.0,16.0,5.0,98.0
68,2017-11-17 08:00:00,88.0,148.0,220.0,236.0,102.58974358974359,1004.0,16.0,16.0,15.0
69,2017-11-17 09:00:00,87.0,148.0,221.0,236.0,102.41025641025641,1005.0,6.0,8.0,4.0
70,2017-11-17 10:00:00,95.0,147.0,223.0,236.0,102.23076923076923,1005.0,17.0,16.0,16.0
71,2017-11-17 11:00:00,95.0,146.0,225.0,236.0,102.05128205128204,1006.0,6.0,17.0,92.0
72,2017-11-17 12:00:00,94.0,147.0,226.0,236.0,101.87179487179488,1005.0,4.0,17.0,15.0
73,2017-11-17 13:00:00,92.0,148.0,227.0,236.0,101.6923076923077,1005.0,7.0,18.0,4.0
74,2017-11-17 14:00:00,91.0,148.0,228.0,235.0,101.51282051282051,1004.0,1.0,7.0,16.0
75,2017-11-17 15:00:00,90.0,150.0,228.0,236.0,101.33333333333333,1004.0,1.0,5.0,16.0
76,2017-11-17 16:00:00,89.0,152.0,229.0,235.0,101.15384615384616,1003.0,9.0,18.0,17.0
77,2017-11-17 17:00:00,89.0,152.0,228.0,235.0,100.97435897435898,1003.0,24.0,18.0,17.0
78,2017-11-17 18:00:00,89.0,153.0,228.0,235.0,100.7948717948718,1002.0,1.0,19.0,17.0
79,2017-11-17 19:00:00,89.0,154.0,228.0,234.0,100.61538461538461,1002.0,5.0,9.0,2.0
80,2017-11-17 20:00:00,88.0,155.0,228.0,234.0,100.43589743589743,1001.0,1.0,8.0,17.0
81,2017-11-17 21:00:00,87.0,154.0,227.0,234.0,100.25641025641025,1000.0,21.0,18.0,18.0
82,2017-11-17 22:00:00,86.0,155.0,227.0,234.0,100.07692307692308,1001.0,8.0,5.0,84.0
83,2017-11-17 23:00:00,88.0,152.0,227.0,234.0,99.8974358974359,1001.0,4.0,17.0,86.0
84,2017-11-18 00:00:00,88.0,150.0,227.0,234.0,99.71794871794872,1001.0,1.0,1.0,8.0
85,2017-11-18 01:00:00,89.0,148.0,227.0,234.0,99.53846153846153,1001.0,20.0,2.0,9.0
86,2017-11-18 02:00:00,91.0,145.0,228.0,234.0,99.35897435897436,1001.0,20.0,18.0,18.0
87,2017-11-18 03:00:00,99.0,142.0,229.0,234.0,99.17948717948718,8.0,0.0,7.0,2.0
88,2017-11-18 04:00:00,96.0,139.0,230.0,234.0,99.0,1000.0,19.0,19.0,19.0
89,2017-11-18 05:00:00,95.0,136.0,231.0,234.0,99.0,1000.0,5.0,4.0,99.0
90,2017-11-18 06:00:00,95.0,134.0,233.0,234.0,99.0,2.0,2.0,3.0,8.0
91,2017-11-18 07:00:00,94.0,134.0,234.0,234.0,99.0,999.0,19.0,19.0,8.0
92,2017-11-18 08:00:00,94.0,134.0,236.0,234.0,99.0,999.0,19.0,19.0,8.0
93,2017-11-18 09:00:00,94.0,134.0,239.0,234.0,101.0,1000.0,4.0,1.0,2.0
94,2017-11-18 10:00:00,94.0,134.0,241.0,234.0,104.0,1000.0,20.0,19.0,18.0
95,2017-11-18 11:00:00,94.0,135.0,244.0,233.0,106.5,1000.0,8.0,8.0,9.0
96,2017-11-18 12:00:00,96.0,138.0,246.0,234.0,109.0,1000.0,1.0,9.0,2.0
97,2017-11-18 13:00:00,96.0,142.0,248.0,234.0,111.5,1001.0,7.0,3.0,5.0
98,2017-11-18 14:00:00,97.0,146.0,249.0,234.0,114.0,1001.0,8.0,2.0,3.0
99,2017-11-18 15:00:00,100.0,152.0,250.0,234.0,117.0,1000.0,26.0,20.0,18.0
